name,district,subject,inf_rate
Абаза,Сибирский,Хакасия,1.385963740680738
Абакан,Сибирский,Хакасия,1.3859546864570298
Абдулино,Приволжский,Оренбургская область,2.0790000622495293
Абинск,Южный,Краснодарский край,2.8903742413596505
Агрыз,Приволжский,Татарстан,2.708036255388932
Азнакаево,Приволжский,Татарстан,2.708068703834922
Азов,Южный,Ростовская область,1.098685463263742
Аксай,Южный,Ростовская область,1.0986847304226952
Алапаевск,Уральский,Свердловская область,3.218892301621675
Алатырь,Приволжский,Чувашия,0.6932677254969766
Алдан,Дальневосточный,Якутия,2.7724445771123536
Алейск,Сибирский,Алтайский край,0.6931779890851875
Александров,Центральный,Владимирская область,1.0988184363708704
Александровск,Приволжский,Пермский край,2.5649535633248925
Алексеевка,Центральный,Белгородская область,1.6093440667566044
Алексин,Центральный,Тульская область,2.5646924519853807
Алзамай,Сибирский,Иркутская область,1.0986217012478052
Альметьевск,Приволжский,Татарстан,2.708063576411208
Анапа,Южный,Краснодарский край,2.8903678780675888
Ангарск,Сибирский,Иркутская область,1.0987195300874253
Андреаполь,Центральный,Тверская область,1.6093786097165483
Анжеро-Судженск,Сибирский,Кемеровская область,0.6931219774088886
Апатиты,Северо-Западный,Мурманская область,1.7927478875429363
Арамиль,Уральский,Свердловская область,3.218907954166384
Аргун,Северо-Кавказский,Чечня,2.302661597264163
Ардатов,Приволжский,Мордовия,1.3857471165569613
Арзамас,Приволжский,Нижегородская область,2.397937741754032
Аркадак,Приволжский,Саратовская область,1.6092668459372927
Армавир,Южный,Краснодарский край,2.8903948526563514
Арсеньев,Дальневосточный,Приморский край,1.0984272331243417
Арск,Приволжский,Татарстан,2.708021991789744
Артём,Дальневосточный,Приморский край,1.098435135703986
Артёмовск,Сибирский,Красноярский край,2.7078776627750965
Артёмовский,Уральский,Свердловская область,3.218903206028834
Архангельск,Северо-Западный,Архангельская область,2.0794773285178967
Архангельск,Северо-Западный,Архангельская область,2.07948314642767
Архангельск,Северо-Западный,Архангельская область,2.0791458748623235
Архангельск,Северо-Западный,Архангельская область,2.079151692772097
Асбест,Уральский,Свердловская область,3.218907059502283
Асино,Сибирский,Томская область,1.386548749795528
Аткарск,Приволжский,Саратовская область,1.6092791417646388
Ачинск,Сибирский,Красноярский край,2.708111025163868
Аша,Уральский,Челябинская область,2.707991143229021
Бабаево,Северо-Западный,Вологодская область,1.0981956360278964
Бабушкин,Сибирский,Бурятия,2.6383066658071472
Бавлы,Приволжский,Татарстан,2.708078455723666
Байкальск,Сибирский,Иркутская область,1.0987382220779152
Баксан,Северо-Кавказский,Кабардино-Балкария,1.9459633769942088
Балабаново,Центральный,Калужская область,1.3861797847954298
Балаково,Приволжский,Саратовская область,1.6092987597522563
Балашиха,Центральный,Московская область,4.718479228216129
Балашов,Приволжский,Саратовская область,1.609273061103235
Барабинск,Сибирский,Новосибирская область,2.3025524818948475
Барнаул,Сибирский,Алтайский край,0.6931758031239605
Барыш,Приволжский,Ульяновская область,0.6945062824571102
Батайск,Южный,Ростовская область,1.0986871358737311
Бежецк,Центральный,Тверская область,1.609389138184346
Белая Калитва,Южный,Ростовская область,1.098674181412678
Белгород,Центральный,Белгородская область,1.6093295621166068
Белинский,Приволжский,Пензенская область,2.079947763275124
Белово,Сибирский,Кемеровская область,0.6931556362627311
Белогорск,Дальневосточный,Амурская область,0.6935865938462062
Белозерск,Северо-Западный,Вологодская область,1.0981968213846047
Белокуриха,Сибирский,Алтайский край,0.6932033013936194
Белорецк,Приволжский,Башкортостан,1.7918993251528383
Белореченск,Южный,Краснодарский край,2.890388798888844
Белоярский,Уральский,Ханты-Мансийский АО — Югра,1.791191971057442
Белый,Центральный,Тверская область,1.609398935528632
Бердск,Сибирский,Новосибирская область,2.3025989557704114
Березники,Приволжский,Пермский край,2.56494485569182
Бийск,Сибирский,Алтайский край,0.6931967642804857
Бикин,Дальневосточный,Хабаровский край,2.079246201860722
Благовещенск,Дальневосточный,Амурская область,0.693593414112784
Благодарный,Северо-Кавказский,Ставропольский край,1.9458815823882365
Бобров,Центральный,Воронежская область,1.9459491654036216
Богданович,Уральский,Свердловская область,3.2189154375262867
Богородицк,Центральный,Тульская область,2.564713673278045
Боготол,Сибирский,Красноярский край,2.708104190120442
Богучар,Центральный,Воронежская область,1.9459750484062996
Бодайбо,Сибирский,Иркутская область,1.0986902625600503
Бокситогорск,Северо-Западный,Ленинградская область,2.39804349500416
Болгар,Приволжский,Татарстан,2.7080373301124148
Бологое,Центральный,Тверская область,1.6093680629371876
Болотное,Сибирский,Новосибирская область,2.30258993698156
Болхов,Центральный,Орловская область,1.3866651864836592
Бор,Приволжский,Нижегородская область,2.3979206491117524
Борисоглебск,Центральный,Воронежская область,1.9459592699890589
Боровичи,Северо-Западный,Новгородская область,1.3868832357777952
Бородино,Сибирский,Красноярский край,2.708148806241349
Братск,Сибирский,Иркутская область,1.0986344295178958
Бронницы,Центральный,Московская область,4.718486463882966
Брянск,Центральный,Брянская область,1.386377267307175
Бугульма,Приволжский,Татарстан,2.7080734451614727
Бугуруслан,Приволжский,Оренбургская область,2.078992650793535
Будённовск,Северо-Кавказский,Ставропольский край,1.945893375249232
Бузулук,Приволжский,Оренбургская область,2.0790076749625417
Буинск,Приволжский,Татарстан,2.7080318960743543
Буй,Центральный,Костромская область,0.6935050900908184
Бутурлиновка,Центральный,Воронежская область,1.945958380733385
Валдай,Северо-Западный,Новгородская область,1.3868859010533876
Валуйки,Центральный,Белгородская область,1.6093477686724555
Велиж,Центральный,Смоленская область,0.6933165374180992
Великие Луки,Северо-Западный,Псковская область,2.3018997059576987
Великий Устюг,Северо-Западный,Вологодская область,1.0982446721715804
Вельск,Северо-Западный,Архангельская область,2.079551061713137
Вельск,Северо-Западный,Архангельская область,2.079556879622911
Вельск,Северо-Западный,Архангельская область,2.079219608057564
Вельск,Северо-Западный,Архангельская область,2.079225425967338
Верещагино,Приволжский,Пермский край,2.564953409051696
Верея,Центральный,Московская область,4.718472813626089
Верхнеуральск,Уральский,Челябинская область,2.7080260627471944
Верхний Тагил,Уральский,Свердловская область,3.218888349104594
Верхний Уфалей,Уральский,Челябинская область,2.707992195436467
Верхняя Салда,Уральский,Свердловская область,3.218880483882918
Верхняя Тура,Уральский,Свердловская область,3.218868715950036
Верхотурье,Уральский,Свердловская область,3.2188663138881943
Весьегонск,Центральный,Тверская область,1.609376247861193
Вилюйск,Дальневосточный,Якутия,2.772319227075295
Вихоревка,Сибирский,Иркутская область,1.0986291185020904
Вичуга,Центральный,Ивановская область,2.30254370684344
Владивосток,Дальневосточный,Приморский край,1.0984429900830128
Владимир,Центральный,Владимирская область,1.098835781111409
Волгоград,Южный,Волгоградская область,1.6093821280829437
Волгодонск,Южный,Ростовская область,1.0986980562018265
Волгореченск,Центральный,Костромская область,0.6935221994337843
Волжск,Приволжский,Марий Эл,1.0984968212187405
Волжский,Южный,Волгоградская область,1.6093745375717443
Вологда,Северо-Западный,Вологодская область,1.0982307990760285
Волоколамск,Центральный,Московская область,4.718458173895554
Волхов,Северо-Западный,Ленинградская область,2.398024186739933
Волчанск,Уральский,Свердловская область,3.2188575388516814
Вольск,Приволжский,Саратовская область,1.6092936810206269
Воркута,Северо-Западный,Коми,3.1352422387060503
Воронеж,Центральный,Воронежская область,1.9459324259016293
Воскресенск,Центральный,Московская область,4.718491375126121
Воткинск,Приволжский,Удмуртия,1.6095864288584774
Вуктыл,Северо-Западный,Коми,3.1352624927985837
Выборг,Северо-Западный,Ленинградская область,2.3979837769105243
Выкса,Приволжский,Нижегородская область,2.397926718346404
Вытегра,Северо-Западный,Вологодская область,1.098168635748172
Вышний Волочёк,Центральный,Тверская область,1.6093777420005528
Вяземский,Дальневосточный,Хабаровский край,2.07923619666581
Вязники,Центральный,Владимирская область,1.0988458325892974
Вязьма,Центральный,Смоленская область,0.6933470183147299
Вятские Поляны,Приволжский,Кировская область,2.564307484297299
Гаврилов Посад,Центральный,Ивановская область,2.30254272262637
Гаврилов-Ям,Центральный,Ярославская область,1.3868729655649703
Гагарин,Центральный,Смоленская область,0.6933452340099682
Галич,Центральный,Костромская область,0.693512938953027
Гатчина,Северо-Западный,Ленинградская область,2.398015627130181
Гдов,Северо-Западный,Псковская область,2.301833317930602
Геленджик,Южный,Краснодарский край,2.8903796705771168
Георгиевск,Северо-Кавказский,Ставропольский край,1.9459005670577587
Глазов,Приволжский,Удмуртия,1.609555948466472
Голицыно,Центральный,Московская область,4.718473572780539
Горнозаводск,Приволжский,Пермский край,2.5649739512052654
Горняк,Сибирский,Алтайский край,0.6931968833222875
Городовиковск,Южный,Калмыкия,0.6940673708782281
Гороховец,Центральный,Владимирская область,1.0988501742383865
Горячий Ключ,Южный,Краснодарский край,2.890385650011247
Гремячинск,Приволжский,Пермский край,2.564966715617885
Грозный,Северо-Кавказский,Чечня,2.30266255603747
Грязи,Центральный,Липецкая область,2.078964750655827
Грязовец,Северо-Западный,Вологодская область,1.0982365764054716
Губаха,Приволжский,Пермский край,2.564959633691065
Губкин,Центральный,Белгородская область,1.6093238399230123
Гудермес,Северо-Кавказский,Чечня,2.302662395481983
Гуково,Южный,Ростовская область,1.098670662647662
Гулькевичи,Южный,Краснодарский край,2.8903832068490245
Гурьевск,Северо-Западный,Калининградская область,2.3020068350824188
Гусиноозёрск,Сибирский,Бурятия,2.638319796550146
Гусь-Хрустальный,Центральный,Владимирская область,1.0988474677002549
Давлеканово,Приволжский,Башкортостан,1.791869621673166
Далматово,Уральский,Курганская область,0.6932704358048103
Дальнегорск,Дальневосточный,Приморский край,1.0984359361972094
Дальнереченск,Дальневосточный,Приморский край,1.0983963417336893
Данилов,Центральный,Ярославская область,1.3868583885990875
Данков,Центральный,Липецкая область,2.078944285976556
Дегтярск,Уральский,Свердловская область,3.218902399406045
Демидов,Центральный,Смоленская область,0.6933253477530208
Дербент,Северо-Кавказский,Дагестан,1.609469892804409
Десногорск,Центральный,Смоленская область,0.6933597252977477
Дзержинск,Приволжский,Нижегородская область,2.397918350316598
Дивногорск,Сибирский,Красноярский край,2.7081296050258854
Димитровград,Приволжский,Ульяновская область,0.6945147630166875
Дмитров,Центральный,Московская область,4.718463985410145
Дно,Северо-Западный,Псковская область,2.301866285671136
Добрянка,Приволжский,Пермский край,2.5649587099315903
Долинск,Дальневосточный,Сахалинская область,1.6097110339456382
Домодедово,Центральный,Московская область,4.71848347125697
Донецк,Южный,Ростовская область,1.098655705656344
Донской,Центральный,Тульская область,2.564711758372356
Дорогобуж,Центральный,Смоленская область,0.6933449083887946
Дубна,Центральный,Московская область,4.71845403871045
Дубовка,Южный,Волгоградская область,1.609366270970121
Духовщина,Центральный,Смоленская область,0.6933330282792456
Дюртюли,Приволжский,Башкортостан,1.7918442848373444
Дятьково,Центральный,Брянская область,1.3863659035693623
Егорьевск,Центральный,Московская область,4.718493361088441
Ейск,Южный,Краснодарский край,2.8903404915958903
Екатеринбург,Уральский,Свердловская область,3.2188762488997
Елабуга,Приволжский,Татарстан,2.708044648357693
Елец,Центральный,Липецкая область,2.0789525325347955
Ельня,Центральный,Смоленская область,0.6933505567173879
Еманжелинск,Уральский,Челябинская область,2.708024679390678
Емва,Северо-Западный,Коми,3.13523996055149
Енисейск,Сибирский,Красноярский край,2.708080529236623
Ершов,Приволжский,Саратовская область,1.6093128040121365
Ессентуки,Северо-Кавказский,Ставропольский край,1.9458983538757395
Железноводск,Северо-Кавказский,Ставропольский край,1.9458967827837024
Железногорск,Сибирский,Красноярский край,2.708132387862193
Железногорск,Сибирский,Красноярский край,2.708132387862193
Железногорск-Илимский,Сибирский,Иркутская область,1.0986418312745132
Жердевка,Центральный,Тамбовская область,1.3862751558771929
Жигулёвск,Приволжский,Самарская область,2.707801474612568
Жиздра,Центральный,Калужская область,1.386192922705368
Жирновск,Южный,Волгоградская область,1.609329367506204
Жуковка,Центральный,Брянская область,1.3863421615318705
Завитинск,Дальневосточный,Амурская область,0.6936083872836476
Заводоуковск,Уральский,Тюменская область,1.0985034964917215
Заводоуковск,Уральский,Тюменская область,1.0990883385083057
Заводоуковск,Уральский,Тюменская область,1.0982936921490367
Заводоуковск,Уральский,Тюменская область,1.098878534165621
Заволжск,Центральный,Ивановская область,2.3025395949573277
Задонск,Центральный,Липецкая область,2.078958975350104
Заинск,Приволжский,Татарстан,2.7080529537999416
Заозёрный,Сибирский,Красноярский край,2.708146139565825
Западная Двина,Центральный,Тверская область,1.6093847173642066
Зарайск,Центральный,Московская область,4.718503643546988
Заречный,Уральский,Свердловская область,3.218909621197411
Заринск,Сибирский,Алтайский край,0.6931707290045876
Звенигород,Центральный,Московская область,4.718470440502784
Зверево,Южный,Ростовская область,1.0986720394829068
Зеленодольск,Приволжский,Татарстан,2.7080176382165053
Зеленокумск,Северо-Кавказский,Ставропольский край,1.9458982579816049
Зима,Сибирский,Иркутская область,1.098677446373132
Златоуст,Уральский,Челябинская область,2.708008158933908
Злынка,Центральный,Брянская область,1.3863692807789043
Змеиногорск,Сибирский,Алтайский край,0.6931992221638739
Зубцов,Центральный,Тверская область,1.6094044321472218
Зуевка,Приволжский,Кировская область,2.5642660761694644
Ивангород,Северо-Западный,Ленинградская область,2.3980046434095925
Иваново,Центральный,Ивановская область,2.302544986269347
Ивдель,Уральский,Свердловская область,3.218828599808435
Игарка,Сибирский,Красноярский край,2.7078681300407195
Ижевск,Приволжский,Удмуртия,1.609590212296898
Избербаш,Северо-Кавказский,Дагестан,1.6094563286380217
Изобильный,Северо-Кавказский,Ставропольский край,1.9458641233633789
Иланский,Сибирский,Красноярский край,2.7081508204481985
Инза,Приволжский,Ульяновская область,0.6944970400241415
Инсар,Приволжский,Мордовия,1.385752223954246
Инта,Северо-Западный,Коми,3.135241318521647
Ипатово,Северо-Кавказский,Ставропольский край,1.945866070304612
Ирбит,Уральский,Свердловская область,3.218905556181823
Иркутск,Сибирский,Иркутская область,1.0987244785104031
Исилькуль,Сибирский,Омская область,1.3863385590554147
Искитим,Сибирский,Новосибирская область,2.302602671175701
Ишим,Уральский,Тюменская область,1.0985327282260378
Ишим,Уральский,Тюменская область,1.0991175702426217
Ишим,Уральский,Тюменская область,1.098322923883353
Ишим,Уральский,Тюменская область,1.0989077658999369
Ишимбай,Приволжский,Башкортостан,1.7918919964339757
Йошкар-Ола,Приволжский,Марий Эл,1.0984785344502082
Казань,Приволжский,Татарстан,2.7080357870647127
Калач,Центральный,Воронежская область,1.945969145376136
Калач-на-Дону,Южный,Волгоградская область,1.6093639845626242
Калачинск,Сибирский,Омская область,1.3863597814038222
Калининград,Северо-Западный,Калининградская область,2.3020073233159843
Калининск,Приволжский,Саратовская область,1.609282516287117
Калуга,Центральный,Калужская область,1.3861929758339162
Калязин,Центральный,Тверская область,1.6094076256194356
Камбарка,Приволжский,Удмуртия,1.609601913510661
Каменка,Приволжский,Пензенская область,2.079948573175678
Каменногорск,Северо-Западный,Ленинградская область,2.397981112121724
Каменск-Уральский,Уральский,Свердловская область,3.218922785080353
Каменск-Шахтинский,Южный,Ростовская область,1.098668183576213
Камень-на-Оби,Сибирский,Алтайский край,0.6931431613870409
Камешково,Центральный,Владимирская область,1.0988353566812332
Камышин,Южный,Волгоградская область,1.6093522974101393
Камышлов,Уральский,Свердловская область,3.218918960754936
Канаш,Приволжский,Чувашия,0.6932618168340006
Кандалакша,Северо-Западный,Мурманская область,1.7927484118923298
Канск,Сибирский,Красноярский край,2.7081497007713
Карабаш,Уральский,Челябинская область,2.708002670853733
Карасук,Сибирский,Новосибирская область,2.302581087898798
Карачев,Центральный,Брянская область,1.3863796593489035
Каргат,Сибирский,Новосибирская область,2.3025693389530084
Карпинск,Уральский,Свердловская область,3.21884345365579
Карталы,Уральский,Челябинская область,2.708052309603946
Касимов,Центральный,Рязанская область,1.7907891190592389
Касли,Уральский,Челябинская область,2.7079989333411283
Катав-Ивановск,Уральский,Челябинская область,2.7080022079332786
Катайск,Уральский,Курганская область,0.6932672220479696
Качканар,Уральский,Свердловская область,3.218860214268209
Кашин,Центральный,Тверская область,1.6094036774443854
Кашира,Центральный,Московская область,4.718497051400904
Кемерово,Сибирский,Кемеровская область,0.6931413205869235
Кизел,Приволжский,Пермский край,2.565361582998186
Кизилюрт,Северо-Кавказский,Дагестан,1.6094369599112164
Кизляр,Северо-Кавказский,Дагестан,1.6094234896199773
Кимры,Центральный,Тверская область,1.6094118399402235
Кингисепп,Северо-Западный,Ленинградская область,2.398007379814362
Кинель,Приволжский,Самарская область,2.7078129140725977
Кинешма,Центральный,Ивановская область,2.302541358112393
Киренск,Сибирский,Иркутская область,1.0986476781891252
Киржач,Центральный,Владимирская область,1.0988237650301929
Кириллов,Северо-Западный,Вологодская область,1.0982043740084468
Кириши,Северо-Западный,Ленинградская область,2.3980310533917284
Киров,Центральный,Калужская область,1.3862084913739503
Кировград,Уральский,Свердловская область,3.21888844770912
Кирсанов,Центральный,Тамбовская область,1.3862687857410425
Киселёвск,Сибирский,Кемеровская область,0.6931660577112582
Кисловодск,Северо-Кавказский,Ставропольский край,1.945900222186524
Клин,Центральный,Московская область,4.718458510980375
Клинцы,Центральный,Брянская область,1.3863671987836192
Ковров,Центральный,Владимирская область,1.098838966894796
Ковылкино,Приволжский,Мордовия,1.3857458267633382
Когалым,Уральский,Ханты-Мансийский АО — Югра,1.7912764662830791
Кодинск,Сибирский,Красноярский край,2.708128364239021
Козельск,Центральный,Калужская область,1.3861951075474843
Козьмодемьянск,Приволжский,Марий Эл,1.0984719710871569
Кола,Северо-Западный,Мурманская область,1.7927195577617427
Коломна,Центральный,Московская область,4.718497760745303
Колпашево,Сибирский,Томская область,1.386500299795736
Кольчугино,Центральный,Владимирская область,1.0991939223309002
Комсомольск,Центральный,Ивановская область,2.3025356702444864
Комсомольск-на-Амуре,Дальневосточный,Хабаровский край,2.079197809537554
Конаково,Центральный,Тверская область,1.60941029636833
Кондрово,Центральный,Калужская область,1.386181596505002
Кораблино,Центральный,Рязанская область,1.790798364976555
Кореновск,Южный,Краснодарский край,2.890372224497032
Коркино,Уральский,Челябинская область,2.7080229681760004
Короча,Центральный,Белгородская область,1.6093294823907829
Коряжма,Северо-Западный,Архангельская область,2.079583231313649
Коряжма,Северо-Западный,Архангельская область,2.079589049223424
Коряжма,Северо-Западный,Архангельская область,2.0792517776580763
Коряжма,Северо-Западный,Архангельская область,2.0792575955678507
Кострома,Центральный,Костромская область,0.6935170902366461
Котельниково,Южный,Волгоградская область,1.6093813381443915
Котельнич,Приволжский,Кировская область,2.5642479175836232
Котлас,Северо-Западный,Архангельская область,2.0795809599516675
Котлас,Северо-Западный,Архангельская область,2.0795867778614414
Котлас,Северо-Западный,Архангельская область,2.0792495062960943
Котлас,Северо-Западный,Архангельская область,2.079255324205868
Котово,Южный,Волгоградская область,1.6093421246297293
Красноармейск,Центральный,Московская область,4.718472380552355
Красновишерск,Приволжский,Пермский край,2.5649263139999534
Краснодар,Южный,Краснодарский край,2.890376907425154
Краснокамск,Приволжский,Пермский край,2.564961446925204
Краснослободск,Южный,Волгоградская область,1.6093711448343546
Краснотурьинск,Уральский,Свердловская область,3.2188452267597976
Красноуральск,Уральский,Свердловская область,3.2188705370875
Красноуфимск,Уральский,Свердловская область,3.21888773665796
Красноярск,Сибирский,Красноярский край,2.708144134580718
Красный Кут,Приволжский,Саратовская область,1.6093110176329244
Красный Сулин,Южный,Ростовская область,1.0986743681870732
Красный Холм,Центральный,Тверская область,1.6093867326482787
Кропоткин,Южный,Краснодарский край,2.8903813534201994
Крымск,Южный,Краснодарский край,2.8903720333461385
Кстово,Приволжский,Нижегородская область,2.397925574204704
Кубинка,Центральный,Московская область,4.7184722655323545
Кувандык,Приволжский,Оренбургская область,2.079068809864493
Кувшиново,Центральный,Тверская область,1.6093851220151012
Кудымкар,Приволжский,Пермский край,2.5649355116641903
Кузнецк,Приволжский,Пензенская область,2.079969044047046
Кулебаки,Приволжский,Нижегородская область,2.397926780919257
Кумертау,Приволжский,Башкортостан,1.7919033910237503
Кунгур,Приволжский,Пермский край,2.5649826114948557
Купино,Сибирский,Новосибирская область,2.3025636959320046
Курган,Уральский,Курганская область,0.6933031441979798
Курганинск,Южный,Краснодарский край,2.890391567439282
Курильск,Дальневосточный,Сахалинская область,1.6097875118882632
Куртамыш,Уральский,Курганская область,0.6933069372792398
Куса,Уральский,Челябинская область,2.708000064687673
Кушва,Уральский,Свердловская область,3.218870075286953
Кыштым,Уральский,Челябинская область,2.707999572005858
Лабинск,Южный,Краснодарский край,2.890397470442104
Лаишево,Приволжский,Татарстан,2.70803257671358
Лакинск,Центральный,Владимирская область,1.098834110701345
Лангепас,Уральский,Ханты-Мансийский АО — Югра,1.7913007922397242
Лебедянь,Центральный,Липецкая область,2.0789486442098672
Лениногорск,Приволжский,Татарстан,2.708331225397482
Ленинск,Южный,Волгоградская область,1.6095592524560107
Ленинск-Кузнецкий,Сибирский,Кемеровская область,0.6931502317151157
Ленск,Дальневосточный,Якутия,2.772328868281165
Лесной,Уральский,Свердловская область,3.218863729706513
Лесозаводск,Дальневосточный,Приморский край,1.098402905635173
Лесосибирск,Сибирский,Красноярский край,2.7080876257241435
Ливны,Центральный,Орловская область,1.386696730217777
Липецк,Центральный,Липецкая область,2.0789600809315303
Лиски,Центральный,Воронежская область,1.945947899107289
Лихославль,Центральный,Тверская область,1.6093926677096049
Лобня,Центральный,Московская область,4.7184701234520094
Лодейное Поле,Северо-Западный,Ленинградская область,2.3980173229678843
Луга,Северо-Западный,Ленинградская область,2.398028958340137
Луза,Приволжский,Кировская область,2.564195644370552
Лукоянов,Приволжский,Нижегородская область,2.397948370549805
Луховицы,Центральный,Московская область,4.7185008103833
Лысково,Приволжский,Нижегородская область,2.397933462171564
Лысьва,Приволжский,Пермский край,2.5649759795482114
Любань,Северо-Западный,Ленинградская область,2.398026959701629
Любим,Центральный,Ярославская область,1.386858787834324
Людиново,Центральный,Калужская область,1.3861890210965686
Магнитогорск,Уральский,Челябинская область,2.708037505245506
Майкоп,Южный,Адыгея,1.6096160758301703
Майский,Северо-Кавказский,Кабардино-Балкария,1.9459680476524417
Макаров,Дальневосточный,Сахалинская область,1.6096863598358693
Макарьев,Центральный,Костромская область,0.6935328334784119
Макушино,Уральский,Курганская область,0.6933215392026351
Малая Вишера,Северо-Западный,Новгородская область,1.3868618993755517
Малоархангельск,Центральный,Орловская область,1.3866887251472424
Малоярославец,Центральный,Калужская область,1.3861815633570085
Мамадыш,Приволжский,Татарстан,2.737986179386023
Мантурово,Центральный,Костромская область,0.7926052402608246
Мариинск,Сибирский,Кемеровская область,0.7560947564651794
Махачкала,Северо-Кавказский,Дагестан,1.356143678081076
Мглин,Центральный,Брянская область,1.480668777691149
Мегион,Уральский,Ханты-Мансийский АО — Югра,1.6812453220400645
Медногорск,Приволжский,Оренбургская область,1.9675892992237258
Медынь,Центральный,Калужская область,1.4190546481032449
Междуреченск,Сибирский,Кемеровская область,0.756145768661552
Меленки,Центральный,Владимирская область,1.1702235195102761
Мелеуз,Приволжский,Башкортостан,1.5666806514014433
Менделеевск,Приволжский,Татарстан,2.7379893527678814
Мензелинск,Приволжский,Татарстан,2.7379981514215075
Мещовск,Центральный,Калужская область,1.4190627963934725
Миасс,Уральский,Челябинская область,2.7352067107696603
Микунь,Северо-Западный,Коми,2.958509849200852
Миллерово,Южный,Ростовская область,0.9017710806287966
Минеральные Воды,Северо-Кавказский,Ставропольский край,2.041867917981793
Минусинск,Сибирский,Красноярский край,2.8397322602725366
Миньяр,Уральский,Челябинская область,2.7351865419981727
Мирный,Северо-Западный,Архангельская область,2.3254063267702167
Мирный,Северо-Западный,Архангельская область,2.3254121446799907
Мирный,Северо-Западный,Архангельская область,2.3250748731146436
Мирный,Северо-Западный,Архангельская область,2.325080691024418
Мирный,Дальневосточный,Якутия,2.8191848809365996
Михайлов,Центральный,Рязанская область,1.6860679753019088
Михайловка,Южный,Волгоградская область,1.822643047236365
Михайловск,Уральский,Свердловская область,3.2827813073877525
Михайловск,Северо-Кавказский,Ставропольский край,2.0417494799567057
Мичуринск,Центральный,Тамбовская область,1.3636097826178761
Можайск,Центральный,Московская область,4.686906399336234
Можга,Приволжский,Удмуртия,1.7910525570917777
Морозовск,Южный,Ростовская область,0.9017921684533912
Моршанск,Центральный,Тамбовская область,1.3636080856544188
Мосальск,Центральный,Калужская область,1.4190574526368285
Москва,Центральный,Москва,5.0
Мураши,Приволжский,Кировская область,2.527724686296583
Мурманск,Северо-Западный,Мурманская область,1.8146781936603227
Муром,Центральный,Владимирская область,1.1702231113239163
Мценск,Центральный,Орловская область,1.2395871217921623
Мыски,Сибирский,Кемеровская область,0.756142638338108
Мытищи,Центральный,Московская область,4.686912486660872
Набережные Челны,Приволжский,Татарстан,2.737998257675137
Навашино,Приволжский,Нижегородская область,2.255120528523531
Назарово,Сибирский,Красноярский край,2.839678775137714
Называевск,Сибирский,Омская область,1.4461196041836104
Нальчик,Северо-Кавказский,Кабардино-Балкария,1.8491886883847173
Наро-Фоминск,Центральный,Московская область,4.686913522806662
Нарткала,Северо-Кавказский,Кабардино-Балкария,1.8491868940489873
Находка,Дальневосточный,Приморский край,1.1146738852918576
Невель,Северо-Западный,Псковская область,2.292427769555032
Невинномысск,Северо-Кавказский,Ставропольский край,2.041851920672856
Невьянск,Уральский,Свердловская область,3.2827693597150667
Нелидово,Центральный,Тверская область,1.4853943587407819
Нерехта,Центральный,Костромская область,0.792591687745615
Нерюнгри,Дальневосточный,Якутия,2.819374858659797
Нефтекамск,Приволжский,Башкортостан,1.566608977541832
Нефтекумск,Северо-Кавказский,Ставропольский край,2.041870412911145
Нефтеюганск,Уральский,Ханты-Мансийский АО — Югра,1.681219837394642
Нея,Центральный,Костромская область,0.7925996787759566
Нижневартовск,Уральский,Ханты-Мансийский АО — Югра,1.6812529266138458
Нижнекамск,Приволжский,Татарстан,2.7379928575514314
Нижнеудинск,Сибирский,Иркутская область,1.1217476898326744
Нижние Серги,Уральский,Свердловская область,3.2827784570502114
Нижний Ломов,Приволжский,Пензенская область,1.9899539433614957
Нижний Новгород,Приволжский,Нижегородская область,2.2550900240886187
Нижний Тагил,Уральский,Свердловская область,3.2827633684784283
Нижняя Тура,Уральский,Свердловская область,3.2827453830839843
Николаевск,Южный,Волгоградская область,1.8226595060321371
Николаевск-на-Амуре,Дальневосточный,Хабаровский край,2.3258105895345524
Никольск,Северо-Западный,Вологодская область,1.0107827205129707
Никольск,Приволжский,Пензенская область,1.9899676815336305
Новая Ляля,Уральский,Свердловская область,3.2827422649795066
Новоалександровск,Северо-Кавказский,Ставропольский край,2.041829053004406
Новоалтайск,Сибирский,Алтайский край,0.7817803657814484
Новоаннинский,Южный,Волгоградская область,1.8226299167299436
Новозыбков,Центральный,Брянская область,1.480672474219874
Новокузнецк,Сибирский,Кемеровская область,0.7561426304255487
Новокуйбышевск,Приволжский,Самарская область,2.2314221957998397
Новомичуринск,Центральный,Рязанская область,1.6860762729900123
Новопавловск,Северо-Кавказский,Ставропольский край,2.041875684410544
Новоржев,Северо-Западный,Псковская область,2.2924040942481527
Новороссийск,Южный,Краснодарский край,2.8084791399863764
Новосибирск,Сибирский,Новосибирская область,2.3430473802149145
Новосиль,Центральный,Орловская область,1.2395958791042943
Новосокольники,Северо-Западный,Псковская область,2.2924230963139887
Новотроицк,Приволжский,Оренбургская область,1.9675992473087702
Новоузенск,Приволжский,Саратовская область,1.6320996123435974
Новоуральск,Уральский,Свердловская область,3.2827739495828334
Новохопёрск,Центральный,Воронежская область,2.040833699066963
Новочебоксарск,Приволжский,Чувашия,0.5504804643058956
Новочеркасск,Южный,Ростовская область,0.9017992206780554
Новошахтинск,Южный,Ростовская область,0.9017907974211337
Новый Оскол,Центральный,Белгородская область,1.4999080553730149
Норильск,Сибирский,Красноярский край,2.839409928815605
Нурлат,Приволжский,Татарстан,2.7380063799631764
Нытва,Приволжский,Пермский край,2.351828647773797
Нюрба,Дальневосточный,Якутия,2.8192020446704893
Нягань,Уральский,Ханты-Мансийский АО — Югра,1.6811471693426596
Нязепетровск,Уральский,Челябинская область,2.7351826073557137
Няндома,Северо-Западный,Архангельская область,2.324890222129232
Няндома,Северо-Западный,Архангельская область,2.3248960400390057
Няндома,Северо-Западный,Архангельская область,2.3245587684736586
Няндома,Северо-Западный,Архангельская область,2.3245645863834326
Обнинск,Центральный,Калужская область,1.419058669458256
Обь,Сибирский,Новосибирская область,2.3430890214478874
Озёрск,Северо-Западный,Калининградская область,2.516046104801644
Озёрск,Уральский,Челябинская область,2.735196964600102
Озёры,Центральный,Московская область,4.686936910194554
Октябрьский,Приволжский,Башкортостан,1.5666338278778473
Окуловка,Северо-Западный,Новгородская область,1.3913347609601843
Оленегорск,Северо-Западный,Мурманская область,1.8146951017135196
Олёкминск,Дальневосточный,Якутия,2.819272613722813
Омск,Сибирский,Омская область,1.4461452898191918
Онега,Северо-Западный,Архангельская область,2.324832161325476
Онега,Северо-Западный,Архангельская область,2.32483797923525
Онега,Северо-Западный,Архангельская область,2.3245007076699027
Онега,Северо-Западный,Архангельская область,2.324506525579677
Опочка,Северо-Западный,Псковская область,2.2924053892007934
Оренбург,Приволжский,Оренбургская область,1.9675643859479925
Орехово-Зуево,Центральный,Московская область,4.686922818251508
Орск,Приволжский,Оренбургская область,1.9676014225858802
Орёл,Центральный,Орловская область,1.2395924365732822
Оса,Приволжский,Пермский край,2.3518422013620772
Осташков,Центральный,Тверская область,1.4853789863535778
Остров,Северо-Западный,Псковская область,2.2923910624734063
Острогожск,Центральный,Воронежская область,2.040820056320669
Отрадный,Приволжский,Самарская область,2.2314263490298325
Оха,Дальневосточный,Сахалинская область,1.6678506607757062
Очёр,Приволжский,Пермский край,2.3518252871885124
Павлово,Приволжский,Нижегородская область,2.255119369423122
Павловск,Центральный,Воронежская область,2.040589453913781
Павловский Посад,Центральный,Московская область,4.6869203294696415
Палласовка,Южный,Волгоградская область,1.8226696042312924
Партизанск,Дальневосточный,Приморский край,1.1146683153772554
Пенза,Приволжский,Пензенская область,1.9899753437245566
Первомайск,Приволжский,Нижегородская область,2.2551450925672545
Первоуральск,Уральский,Свердловская область,3.2827800139560255
Перевоз,Приволжский,Нижегородская область,2.2551364623128287
Переславль-Залесский,Центральный,Ярославская область,1.139954591632796
Пермь,Приволжский,Пермский край,2.351844823959283
Пестово,Северо-Западный,Новгородская область,1.3913486434303413
Петров Вал,Южный,Волгоградская область,1.8226556886424767
Петровск,Приволжский,Саратовская область,1.6320445948285913
Петухово,Уральский,Курганская область,0.6628983415487388
Петушки,Центральный,Владимирская область,1.1701965149060736
Печора,Северо-Западный,Коми,2.958508376327337
Печоры,Северо-Западный,Псковская область,2.2923768303704066
Пикалёво,Северо-Западный,Ленинградская область,2.415897671255199
Пласт,Уральский,Челябинская область,2.7352235134316816
Плёс,Центральный,Ивановская область,2.423062466208204
Поворино,Центральный,Воронежская область,2.0408363494589024
Подольск,Центральный,Московская область,4.686920408396013
Подпорожье,Северо-Западный,Ленинградская область,2.4158708434333827
Покачи,Уральский,Ханты-Мансийский АО — Югра,1.681227761829804
Покров,Центральный,Владимирская область,1.1701946906222516
Полевской,Уральский,Свердловская область,3.2827894892866105
Полярные Зори,Северо-Западный,Мурманская область,1.8147039417476862
Поронайск,Дальневосточный,Сахалинская область,1.6679350889880475
Порхов,Северо-Западный,Псковская область,2.292391762082791
Похвистнево,Приволжский,Самарская область,2.231426572622957
Почеп,Центральный,Брянская область,1.4806757399214918
Починок,Центральный,Смоленская область,0.6690905565215854
Приволжск,Центральный,Ивановская область,2.4230623039718435
Прокопьевск,Сибирский,Кемеровская область,0.7561334505960866
Пролетарск,Южный,Ростовская область,0.9018228175568503
Протвино,Центральный,Московская область,4.686927047866766
Прохладный,Северо-Кавказский,Кабардино-Балкария,1.8491844079954929
Псков,Северо-Западный,Псковская область,2.2923829591420155
Пугачёв,Приволжский,Саратовская область,1.6320752204071698
Пустошка,Северо-Западный,Псковская область,2.292417627444488
Пучеж,Центральный,Ивановская область,2.4230835887376805
Пушкино,Центральный,Московская область,4.686910588579582
Пущино,Центральный,Московская область,4.68693039814794
Пыталово,Северо-Западный,Псковская область,2.292393318197888
Пыть-Ях,Уральский,Ханты-Мансийский АО — Югра,1.6812269741401944
Пятигорск,Северо-Кавказский,Ставропольский край,2.041871443220548
Радужный,Центральный,Владимирская область,1.1703527311432849
Радужный,Уральский,Ханты-Мансийский АО — Югра,1.6812337926063006
Рассказово,Центральный,Тамбовская область,1.3636235923114721
Ревда,Уральский,Свердловская область,3.282780781331078
Реж,Уральский,Свердловская область,3.2827804512650958
Ржев,Центральный,Тверская область,1.485405420531746
Родники,Центральный,Ивановская область,2.4230710432170364
Рославль,Центральный,Смоленская область,0.6691027748610687
Россошь,Центральный,Воронежская область,2.0408367286361253
Ростов-на-Дону,Южный,Ростовская область,0.9018102806141277
Рошаль,Центральный,Московская область,4.686931016858559
Ртищево,Приволжский,Саратовская область,1.6320342307571991
Рубцовск,Сибирский,Алтайский край,0.7817970831408596
Рудня,Центральный,Смоленская область,0.6690704846184605
Руза,Центральный,Московская область,4.686903965133501
Рузаевка,Приволжский,Мордовия,1.2014073397851641
Рыбинск,Центральный,Ярославская область,1.139929122590283
Рыбное,Центральный,Рязанская область,1.6860615324704766
Ряжск,Центральный,Рязанская область,1.6860849704281424
Рязань,Центральный,Рязанская область,1.6860707159119808
Саки,Южный,Крым,0.5
Салават,Приволжский,Башкортостан,1.5666734328223901
Сальск,Южный,Ростовская область,0.9018262118719012
Самара,Приволжский,Самарская область,2.231390859411432
Санкт-Петербург,Северо-Западный,Санкт-Петербург,5.0
Саранск,Приволжский,Мордовия,1.2014095790689154
Сарапул,Приволжский,Удмуртия,1.7910640857892464
Саратов,Приволжский,Саратовская область,1.6320640479386346
Саров,Приволжский,Нижегородская область,2.255141260397737
Сасово,Центральный,Рязанская область,1.6860862068996743
Сатка,Уральский,Челябинская область,2.735198202272768
Сафоново,Центральный,Смоленская область,0.6690833166930119
Саяногорск,Сибирский,Хакасия,1.4923596588877523
Саянск,Сибирский,Иркутская область,1.1217859752921533
Светлоград,Северо-Кавказский,Ставропольский край,2.041843872821981
Свободный,Дальневосточный,Амурская область,0.9487844794450881
Себеж,Северо-Западный,Псковская область,2.2924121212292734
Северобайкальск,Сибирский,Бурятия,2.432612570374427
Северодвинск,Северо-Западный,Архангельская область,2.3248341122821805
Северодвинск,Северо-Западный,Архангельская область,2.324839930191955
Северодвинск,Северо-Западный,Архангельская область,2.3245026586266073
Северодвинск,Северо-Западный,Архангельская область,2.3245084765363817
Североуральск,Уральский,Свердловская область,3.28271695003622
Севск,Центральный,Брянская область,1.480697858372897
Семикаракорск,Южный,Ростовская область,0.9018007181343095
Семёнов,Приволжский,Нижегородская область,2.2551135355527476
Серафимович,Южный,Волгоградская область,1.822648361957287
Сергач,Приволжский,Нижегородская область,2.25514459337027
Сергиев Посад,Центральный,Московская область,4.6869069584229175
Сердобск,Приволжский,Пензенская область,1.9899783491727523
Серов,Уральский,Свердловская область,3.282732546795617
Серпухов,Центральный,Московская область,4.686928637372702
Сибай,Приволжский,Башкортостан,1.5667044058318615
Сим,Уральский,Челябинская область,2.735926055139566
Сковородино,Дальневосточный,Амурская область,0.9487039043598127
Скопин,Центральный,Рязанская область,1.686079172876729
Славгород,Сибирский,Алтайский край,0.7817496283727201
Славянск-на-Кубани,Южный,Краснодарский край,2.8084695255843424
Сланцы,Северо-Западный,Ленинградская область,2.4158613850345687
Слюдянка,Сибирский,Иркутская область,1.1218097605378257
Смоленск,Центральный,Смоленская область,0.669080570154927
Снежинск,Уральский,Челябинская область,2.7351906019091086
Советская Гавань,Дальневосточный,Хабаровский край,2.3258869836718574
Советский,Уральский,Ханты-Мансийский АО — Югра,1.681148325510399
Сокол,Северо-Западный,Вологодская область,1.0106304146910883
Соликамск,Приволжский,Пермский край,2.3518074620398424
Солнечногорск,Центральный,Московская область,4.6869004317549425
Соль-Илецк,Приволжский,Оренбургская область,1.9675752732802112
Сольцы,Северо-Западный,Новгородская область,1.3913179980058072
Сорочинск,Приволжский,Оренбургская область,1.9675378924811735
Сорск,Сибирский,Хакасия,1.4923302346874578
Сосенский,Центральный,Калужская область,1.4190729228430148
Сосновка,Приволжский,Кировская область,2.527801293137435
Сосногорск,Северо-Западный,Коми,2.9585142275782683
Сочи,Южный,Краснодарский край,2.80851607707268
Спас-Деменск,Центральный,Калужская область,1.419052063075549
Спас-Клепики,Центральный,Рязанская область,1.6860585117133482
Спасск,Приволжский,Пензенская область,1.9907676977977713
Спасск-Дальний,Дальневосточный,Приморский край,1.1146382475153571
Среднеколымск,Дальневосточный,Якутия,2.819377809991341
Ставрополь,Северо-Кавказский,Ставропольский край,2.0418431422941756
Старая Русса,Северо-Западный,Новгородская область,1.3913283122832665
Старица,Центральный,Тверская область,1.4854044254523393
Стародуб,Центральный,Брянская область,1.4806772994699164
Старый Оскол,Центральный,Белгородская область,1.499899913870387
Стерлитамак,Приволжский,Башкортостан,1.5666697804247751
Стрежевой,Сибирский,Томская область,1.460027926616474
Струнино,Центральный,Владимирская область,1.1701817533055596
Ступино,Центральный,Московская область,4.6869332747915955
Судак,Южный,Крым,0.5
Судогда,Центральный,Владимирская область,1.1702061869450016
Суздаль,Центральный,Владимирская область,1.170194296905175
Сураж,Центральный,Брянская область,1.480666397691217
Сургут,Уральский,Ханты-Мансийский АО — Югра,1.681221455802706
Суровикино,Южный,Волгоградская область,1.822667899290103
Сухиничи,Центральный,Калужская область,1.4190676229040804
Сухой Лог,Уральский,Свердловская область,3.282793841794235
Сызрань,Приволжский,Самарская область,2.2314118209177
Сыктывкар,Северо-Западный,Коми,2.9585309286355166
Сысерть,Уральский,Свердловская область,3.2827924881070314
Сычёвка,Центральный,Смоленская область,0.6690767059818188
Сясьстрой,Северо-Западный,Ленинградская область,2.4158740059401005
Тавда,Уральский,Свердловская область,3.2827955613383493
Таганрог,Южный,Ростовская область,0.9017954560668824
Тайга,Сибирский,Кемеровская область,0.7560819705108106
Тайшет,Сибирский,Иркутская область,1.1217207868726535
Талдом,Центральный,Московская область,4.6868935684684425
Талица,Уральский,Свердловская область,3.2828038016220735
Тамбов,Центральный,Тамбовская область,1.3636188602699997
Тара,Сибирский,Омская область,1.446116084381245
Таруса,Центральный,Калужская область,1.419068804540643
Татарск,Сибирский,Новосибирская область,2.343035872481549
Тверь,Центральный,Тверская область,1.4854092888490233
Тейково,Центральный,Ивановская область,2.4230673221985386
Темников,Приволжский,Мордовия,1.2013833864914547
Темрюк,Южный,Краснодарский край,2.8084636327130865
Терек,Северо-Кавказский,Кабардино-Балкария,1.84919013783042
Тимашёвск,Южный,Краснодарский край,2.8084686198804047
Тихвин,Северо-Западный,Ленинградская область,2.4158910119669166
Тихорецк,Южный,Краснодарский край,2.8084726220762684
Тобольск,Уральский,Тюменская область,0.8310475612611676
Тобольск,Уральский,Тюменская область,0.8316324032777516
Тобольск,Уральский,Тюменская область,0.8308377569184828
Тобольск,Уральский,Тюменская область,0.8314225989350668
Тогучин,Сибирский,Новосибирская область,2.3430963742745163
Тольятти,Приволжский,Самарская область,2.2314171729395453
Томмот,Дальневосточный,Якутия,2.819341452104994
Томск,Сибирский,Томская область,1.460100260158699
Топки,Сибирский,Кемеровская область,0.7560969994249864
Торжок,Центральный,Тверская область,1.4853950117172583
Торопец,Центральный,Тверская область,1.4853809359637218
Тосно,Северо-Западный,Ленинградская область,2.415873515621228
Тотьма,Северо-Западный,Вологодская область,1.0106393760763785
Троицк,Уральский,Челябинская область,2.7352350113937414
Трёхгорный,Уральский,Челябинская область,2.735198148891965
Туапсе,Южный,Краснодарский край,2.808498479480531
Туймазы,Приволжский,Башкортостан,1.5666326322214013
Тула,Центральный,Тульская область,2.192491106602517
Тулун,Сибирский,Иркутская область,1.1217658976912097
Туринск,Уральский,Свердловская область,3.282783996488051
Тутаев,Центральный,Ярославская область,1.1399377962129678
Тында,Дальневосточный,Амурская область,0.9486878004381598
Тюкалинск,Сибирский,Омская область,1.446119896374326
Тюмень,Уральский,Тюменская область,0.8310533068215855
Тюмень,Уральский,Тюменская область,0.8316381488381694
Тюмень,Уральский,Тюменская область,0.8308435024789007
Тюмень,Уральский,Тюменская область,0.8314283444954846
Уварово,Центральный,Тамбовская область,1.3636388709034604
Углич,Центральный,Ярославская область,1.139935626055276
Удачный,Дальневосточный,Якутия,2.8190984488603403
Удомля,Центральный,Тверская область,1.4853790938271207
Ужур,Сибирский,Красноярский край,2.839687391280637
Узловая,Центральный,Тульская область,2.192494178565153
Улан-Удэ,Сибирский,Бурятия,2.4326768893129183
Ульяновск,Приволжский,Ульяновская область,0.7643769690411364
Унеча,Центральный,Брянская область,1.4806718820616833
Урай,Уральский,Ханты-Мансийский АО — Югра,1.6811808503814878
Урень,Приволжский,Нижегородская область,2.2551099317328074
Уржум,Приволжский,Кировская область,2.5277757511366623
Урюпинск,Южный,Волгоградская область,1.8226203024363217
Усинск,Северо-Западный,Коми,2.9584948430292943
Усмань,Центральный,Липецкая область,2.122334389727264
Усолье-Сибирское,Сибирский,Иркутская область,1.1218231027315524
Уссурийск,Дальневосточный,Приморский край,1.1146485389372185
Усть-Илимск,Сибирский,Иркутская область,1.1217171809617896
Усть-Катав,Уральский,Челябинская область,2.7351938823666524
Усть-Кут,Сибирский,Иркутская область,1.1217609414086727
Усть-Лабинск,Южный,Краснодарский край,2.8084813866097003
Устюжна,Северо-Западный,Вологодская область,1.010615271152336
Уфа,Приволжский,Башкортостан,1.56665768536096
Ухта,Северо-Западный,Коми,2.9585137677543196
Учалы,Приволжский,Башкортостан,1.566678901970064
Уяр,Сибирский,Красноярский край,2.8397103991955683
Феодосия,Южный,Крым,0.5
Фролово,Южный,Волгоградская область,1.8226519274777004
Фурманов,Центральный,Ивановская область,2.4230639463426598
Хабаровск,Дальневосточный,Хабаровский край,2.3258587869514185
Хадыженск,Южный,Краснодарский край,2.8084951872575217
Ханты-Мансийск,Уральский,Ханты-Мансийский АО — Югра,1.6811944150610838
Харовск,Северо-Западный,Вологодская область,1.0106213951493996
Хасавюрт,Северо-Кавказский,Дагестан,1.3561270650950896
Хвалынск,Приволжский,Саратовская область,1.6320606085480724
Химки,Центральный,Московская область,4.686911161494941
Холм,Северо-Западный,Новгородская область,1.3913428039545224
Хотьково,Центральный,Московская область,4.686906084095272
Цивильск,Приволжский,Чувашия,0.5504838604707669
Цимлянск,Южный,Ростовская область,0.9018073482916167
Чайковский,Приволжский,Пермский край,2.351843022945251
Чапаевск,Приволжский,Самарская область,2.2314223329256384
Чаплыгин,Центральный,Липецкая область,2.122313236890139
Чебаркуль,Уральский,Челябинская область,2.7352090613791944
Чебоксары,Приволжский,Чувашия,0.5504820039518363
Челябинск,Уральский,Челябинская область,2.7352129196125308
Черемхово,Сибирский,Иркутская область,1.1218109154147986
Черепаново,Сибирский,Новосибирская область,2.3431081762306523
Череповец,Северо-Западный,Вологодская область,1.0106239367824021
Черногорск,Сибирский,Хакасия,1.4923451161761332
Чернушка,Приволжский,Пермский край,2.3518616784923045
Чехов,Центральный,Московская область,4.686923828350978
Чистополь,Приволжский,Татарстан,2.737987552422431
Чудово,Северо-Западный,Новгородская область,1.3913087947058007
Чулым,Сибирский,Новосибирская область,2.343074299574072
Чусовой,Приволжский,Пермский край,2.3518404792130245
Чёрмоз,Приволжский,Пермский край,2.351818251740165
Шадринск,Уральский,Курганская область,0.6628488464095055
Шарыпово,Сибирский,Красноярский край,2.8396787925498326
Шарья,Центральный,Костромская область,0.7926100303232717
Шатура,Центральный,Московская область,4.6869303006151775
Шахты,Южный,Ростовская область,0.9017950627119733
Шахунья,Приволжский,Нижегородская область,2.255111975528702
Шацк,Центральный,Рязанская область,1.6860906193787693
Шимановск,Дальневосточный,Амурская область,0.9487688640718568
Шумерля,Приволжский,Чувашия,0.550483469364214
Шумиха,Уральский,Курганская область,0.662862046920716
Шуя,Центральный,Ивановская область,2.423073859652622
Щучье,Уральский,Курганская область,0.662858477104121
Элиста,Южный,Калмыкия,0.5673302017972273
Энгельс,Приволжский,Саратовская область,1.632067349513115
Югорск,Уральский,Ханты-Мансийский АО — Югра,1.6811475615755511
Южа,Центральный,Ивановская область,2.423082880585382
Южно-Сахалинск,Дальневосточный,Сахалинская область,1.6679773779495188
Южно-Сухокумск,Северо-Кавказский,Дагестан,1.3560919225723644
Южноуральск,Уральский,Челябинская область,2.735225686524643
Юрга,Сибирский,Кемеровская область,0.7560842649198982
Юрьев-Польский,Центральный,Владимирская область,1.1701873536535885
Юрьевец,Центральный,Ивановская область,2.423076789593079
Юрюзань,Уральский,Челябинская область,2.73519674545382
Юхнов,Центральный,Калужская область,1.4190544245930277
Якутск,Дальневосточный,Якутия,2.8193110939898256
Ялта,Южный,Крым,0.5
Ялуторовск,Уральский,Тюменская область,0.8310623004498914
Ялуторовск,Уральский,Тюменская область,0.8316471424664755
Ялуторовск,Уральский,Тюменская область,0.8308524961072068
Ялуторовск,Уральский,Тюменская область,0.8314373381237907
Янаул,Приволжский,Башкортостан,1.5666093853581229
Яранск,Приволжский,Кировская область,2.5277568565026503
Яровое,Сибирский,Алтайский край,0.7817499596892252
Ярославль,Центральный,Ярославская область,1.1399507406725888
Ярцево,Центральный,Смоленская область,0.6690801737877736
